constructorId,points,position,positionText,wins
ferrari,43.0,1,1,1
mclaren,21.0,2,2,0
mercedes,18.0,3,3,0
red_bull,16.0,4,4,0
force_india,2.0,5,5,0
williams,1.0,6,6,0
renault,0.0,7,7,0
toro_rosso,0.0,8,8,0
lotus_racing,0.0,9,9,0
sauber,0.0,10,10,0
hrt,0.0,11,11,0
virgin,0.0,12,12,0
ferrari,70.0,1,1,1
mclaren,54.0,2,2,1
mercedes,29.0,3,3,0
renault,18.0,4,4,0
red_bull,18.0,5,5,0
force_india,8.0,6,6,0
williams,5.0,7,7,0
toro_rosso,0.0,8,8,0
sauber,0.0,9,9,0
lotus_racing,0.0,10,10,0
hrt,0.0,11,11,0
virgin,0.0,12,12,0
ferrari,76.0,1,1,1
mclaren,66.0,2,2,1
red_bull,61.0,3,3,1
mercedes,44.0,4,4,0
renault,30.0,5,5,0
force_india,18.0,6,6,0
williams,6.0,7,7,0
toro_rosso,2.0,8,8,0
sauber,0.0,9,9,0
lotus_racing,0.0,10,10,0
hrt,0.0,11,11,0
virgin,0.0,12,12,0
mclaren,109.0,1,1,2
ferrari,90.0,2,2,1
red_bull,73.0,3,3,1
mercedes,60.0,4,4,0
renault,46.0,5,5,0
force_india,18.0,6,6,0
williams,6.0,7,7,0
toro_rosso,2.0,8,8,0
sauber,0.0,9,9,0
lotus_racing,0.0,10,10,0
hrt,0.0,11,11,0
virgin,0.0,12,12,0
mclaren,119.0,1,1,2
ferrari,116.0,2,2,1
red_bull,113.0,3,3,2
mercedes,72.0,4,4,0
renault,50.0,5,5,0
force_india,24.0,6,6,0
williams,8.0,7,7,0
toro_rosso,3.0,8,8,0
sauber,0.0,9,9,0
lotus_racing,0.0,10,10,0
hrt,0.0,11,11,0
virgin,0.0,12,12,0
red_bull,156.0,1,1,3
ferrari,136.0,2,2,1
mclaren,129.0,3,3,2
mercedes,78.0,4,4,0
renault,65.0,5,5,0
force_india,30.0,6,6,0
williams,8.0,7,7,0
toro_rosso,4.0,8,8,0
sauber,0.0,9,9,0
lotus_racing,0.0,10,10,0
hrt,0.0,11,11,0
virgin,0.0,12,12,0
mclaren,172.0,1,1,3
red_bull,171.0,2,2,3
ferrari,146.0,3,3,1
mercedes,100.0,4,4,0
renault,73.0,5,5,0
force_india,32.0,6,6,0
williams,8.0,7,7,0
toro_rosso,4.0,8,8,0
sauber,1.0,9,9,0
lotus_racing,0.0,10,10,0
hrt,0.0,11,11,0
virgin,0.0,12,12,0
mclaren,215.0,1,1,4
red_bull,193.0,2,2,3
ferrari,161.0,3,3,1
mercedes,108.0,4,4,0
renault,79.0,5,5,0
force_india,35.0,6,6,0
toro_rosso,8.0,7,7,0
williams,8.0,8,8,0
sauber,1.0,9,9,0
lotus_racing,0.0,10,10,0
hrt,0.0,11,11,0
virgin,0.0,12,12,0
mclaren,248.0,1,1,4
red_bull,218.0,2,2,4
ferrari,165.0,3,3,1
mercedes,109.0,4,4,0
renault,89.0,5,5,0
force_india,43.0,6,6,0
williams,20.0,7,7,0
toro_rosso,10.0,8,8,0
sauber,7.0,9,9,0
lotus_racing,0.0,10,10,0
hrt,0.0,11,11,0
virgin,0.0,12,12,0
mclaren,278.0,1,1,4
red_bull,249.0,2,2,5
ferrari,165.0,3,3,1
mercedes,126.0,4,4,0
renault,89.0,5,5,0
force_india,47.0,6,6,0
williams,31.0,7,7,0
sauber,15.0,8,8,0
toro_rosso,10.0,9,9,0
lotus_racing,0.0,10,10,0
hrt,0.0,11,11,0
virgin,0.0,12,12,0
mclaren,300.0,1,1,4
red_bull,272.0,2,2,5
ferrari,208.0,3,3,2
mercedes,132.0,4,4,0
renault,96.0,5,5,0
force_india,47.0,6,6,0
williams,31.0,7,7,0
sauber,15.0,8,8,0
toro_rosso,10.0,9,9,0
lotus_racing,0.0,10,10,0
hrt,0.0,11,11,0
virgin,0.0,12,12,0
red_bull,312.0,1,1,6
mclaren,304.0,2,2,4
ferrari,238.0,3,3,2
mercedes,132.0,4,4,0
renault,106.0,5,5,0
force_india,47.0,6,6,0
williams,40.0,7,7,0
sauber,23.0,8,8,0
toro_rosso,10.0,9,9,0
lotus_racing,0.0,10,10,0
hrt,0.0,11,11,0
virgin,0.0,12,12,0
red_bull,330.0,1,1,6
mclaren,329.0,2,2,5
ferrari,250.0,3,3,2
mercedes,146.0,4,4,0
renault,123.0,5,5,0
force_india,58.0,6,6,0
williams,40.0,7,7,0
sauber,27.0,8,8,0
toro_rosso,10.0,9,9,0
lotus_racing,0.0,10,10,0
hrt,0.0,11,11,0
virgin,0.0,12,12,0
red_bull,350.0,1,1,6
mclaren,347.0,2,2,5
ferrari,290.0,3,3,3
mercedes,158.0,4,4,0
renault,127.0,5,5,0
force_india,58.0,6,6,0
williams,47.0,7,7,0
sauber,27.0,8,8,0
toro_rosso,10.0,9,9,0
lotus_racing,0.0,10,10,0
hrt,0.0,11,11,0
virgin,0.0,12,12,0
red_bull,383.0,1,1,6
mclaren,359.0,2,2,5
ferrari,319.0,3,3,4
mercedes,168.0,4,4,0
renault,133.0,5,5,0
force_india,60.0,6,6,0
williams,56.0,7,7,0
sauber,27.0,8,8,0
toro_rosso,10.0,9,9,0
lotus_racing,0.0,10,10,0
hrt,0.0,11,11,0
virgin,0.0,12,12,0
red_bull,426.0,1,1,7
mclaren,381.0,2,2,5
ferrari,334.0,3,3,4
mercedes,176.0,4,4,0
renault,133.0,5,5,0
force_india,60.0,6,6,0
williams,58.0,7,7,0
sauber,37.0,8,8,0
toro_rosso,11.0,9,9,0
lotus_racing,0.0,10,10,0
hrt,0.0,11,11,0
virgin,0.0,12,12,0
red_bull,426.0,1,1,7
mclaren,399.0,2,2,5
ferrari,374.0,3,3,5
mercedes,188.0,4,4,0
renault,143.0,5,5,0
force_india,68.0,6,6,0
williams,65.0,7,7,0
sauber,43.0,8,8,0
toro_rosso,11.0,9,9,0
lotus_racing,0.0,10,10,0
hrt,0.0,11,11,0
virgin,0.0,12,12,0
red_bull,469.0,1,1,8
mclaren,421.0,2,2,5
ferrari,389.0,3,3,5
mercedes,202.0,4,4,0
renault,145.0,5,5,0
williams,69.0,6,6,0
force_india,68.0,7,7,0
sauber,44.0,8,8,0
toro_rosso,11.0,9,9,0
lotus_racing,0.0,10,10,0
hrt,0.0,11,11,0
virgin,0.0,12,12,0
red_bull,498.0,1,1,9
mclaren,454.0,2,2,5
ferrari,396.0,3,3,5
mercedes,214.0,4,4,0
renault,163.0,5,5,0
williams,69.0,6,6,0
force_india,68.0,7,7,0
sauber,44.0,8,8,0
toro_rosso,13.0,9,9,0
lotus_racing,0.0,10,10,0
hrt,0.0,11,11,0
virgin,0.0,12,12,0
red_bull,35.0,1,1,1
mclaren,26.0,2,2,0
ferrari,18.0,3,3,0
renault,15.0,4,4,0
toro_rosso,4.0,5,5,0
force_india,3.0,6,6,0
lotus_racing,0.0,7,7,0
virgin,0.0,8,8,0
williams,0.0,9,9,0
mercedes,0.0,10,10,0
red_bull,72.0,1,1,2
mclaren,48.0,2,2,0
ferrari,36.0,3,3,0
renault,30.0,4,4,0
sauber,6.0,5,5,0
toro_rosso,4.0,6,6,0
force_india,4.0,7,7,0
mercedes,2.0,8,8,0
lotus_racing,0.0,9,9,0
virgin,0.0,10,10,0
williams,0.0,11,11,0
hrt,0.0,12,12,0
red_bull,105.0,1,1,2
mclaren,85.0,2,2,1
ferrari,50.0,3,3,0
renault,32.0,4,4,0
mercedes,16.0,5,5,0
sauber,7.0,6,6,0
toro_rosso,4.0,7,7,0
force_india,4.0,8,8,0
lotus_racing,0.0,9,9,0
williams,0.0,10,10,0
virgin,0.0,11,11,0
hrt,0.0,12,12,0
red_bull,148.0,1,1,3
mclaren,105.0,2,2,1
ferrari,65.0,3,3,0
renault,42.0,4,4,0
mercedes,26.0,5,5,0
sauber,8.0,6,6,0
toro_rosso,6.0,7,7,0
force_india,4.0,8,8,0
lotus_racing,0.0,9,9,0
williams,0.0,10,10,0
virgin,0.0,11,11,0
hrt,0.0,12,12,0
red_bull,185.0,1,1,4
mclaren,138.0,2,2,1
ferrari,75.0,3,3,0
renault,46.0,4,4,0
mercedes,40.0,5,5,0
sauber,11.0,6,6,0
toro_rosso,6.0,7,7,0
force_india,4.0,8,8,0
williams,0.0,9,9,0
lotus_racing,0.0,10,10,0
virgin,0.0,11,11,0
hrt,0.0,12,12,0
red_bull,222.0,1,1,5
mclaren,161.0,2,2,1
ferrari,93.0,3,3,0
renault,50.0,4,4,0
mercedes,40.0,5,5,0
sauber,21.0,6,6,0
force_india,10.0,7,7,0
toro_rosso,7.0,8,8,0
williams,2.0,9,9,0
lotus_racing,0.0,10,10,0
virgin,0.0,11,11,0
hrt,0.0,12,12,0
red_bull,255.0,1,1,5
mclaren,186.0,2,2,2
ferrari,101.0,3,3,0
renault,60.0,4,4,0
mercedes,52.0,5,5,0
sauber,27.0,6,6,0
toro_rosso,12.0,7,7,0
force_india,10.0,8,8,0
williams,4.0,9,9,0
lotus_racing,0.0,10,10,0
hrt,0.0,11,11,0
virgin,0.0,12,12,0
red_bull,295.0,1,1,6
mclaren,206.0,2,2,2
ferrari,129.0,3,3,0
renault,61.0,4,4,0
mercedes,58.0,5,5,0
sauber,27.0,6,6,0
toro_rosso,16.0,7,7,0
force_india,12.0,8,8,0
williams,4.0,9,9,0
lotus_racing,0.0,10,10,0
hrt,0.0,11,11,0
virgin,0.0,12,12,0
red_bull,328.0,1,1,6
mclaren,218.0,2,2,2
ferrari,164.0,3,3,1
mercedes,68.0,4,4,0
renault,65.0,5,5,0
sauber,33.0,6,6,0
toro_rosso,17.0,7,7,0
force_india,12.0,8,8,0
williams,4.0,9,9,0
lotus_racing,0.0,10,10,0
hrt,0.0,11,11,0
virgin,0.0,12,12,0
red_bull,355.0,1,1,6
mclaren,243.0,2,2,3
ferrari,192.0,3,3,1
mercedes,78.0,4,4,0
renault,66.0,5,5,0
sauber,35.0,6,6,0
force_india,20.0,7,7,0
toro_rosso,17.0,8,8,0
williams,4.0,9,9,0
lotus_racing,0.0,10,10,0
hrt,0.0,11,11,0
virgin,0.0,12,12,0
red_bull,383.0,1,1,6
mclaren,280.0,2,2,4
ferrari,215.0,3,3,1
mercedes,80.0,4,4,0
renault,66.0,5,5,0
sauber,35.0,6,6,0
force_india,26.0,7,7,0
toro_rosso,22.0,8,8,0
williams,4.0,9,9,0
lotus_racing,0.0,10,10,0
hrt,0.0,11,11,0
virgin,0.0,12,12,0
red_bull,426.0,1,1,7
mclaren,295.0,2,2,4
ferrari,231.0,3,3,1
mercedes,98.0,4,4,0
renault,68.0,5,5,0
sauber,35.0,6,6,0
force_india,32.0,7,7,0
toro_rosso,22.0,8,8,0
williams,5.0,9,9,0
lotus_racing,0.0,10,10,0
hrt,0.0,11,11,0
virgin,0.0,12,12,0
red_bull,451.0,1,1,8
mclaren,325.0,2,2,4
ferrari,254.0,3,3,1
mercedes,108.0,4,4,0
renault,70.0,5,5,0
force_india,36.0,6,6,0
sauber,35.0,7,7,0
toro_rosso,29.0,8,8,0
williams,5.0,9,9,0
lotus_racing,0.0,10,10,0
hrt,0.0,11,11,0
virgin,0.0,12,12,0
red_bull,491.0,1,1,9
mclaren,353.0,2,2,4
ferrari,268.0,3,3,1
mercedes,114.0,4,4,0
renault,70.0,5,5,0
force_india,48.0,6,6,0
sauber,36.0,7,7,0
toro_rosso,29.0,8,8,0
williams,5.0,9,9,0
lotus_racing,0.0,10,10,0
hrt,0.0,11,11,0
virgin,0.0,12,12,0
red_bull,518.0,1,1,9
mclaren,388.0,2,2,5
ferrari,292.0,3,3,1
mercedes,123.0,4,4,0
renault,72.0,5,5,0
force_india,48.0,6,6,0
sauber,40.0,7,7,0
toro_rosso,29.0,8,8,0
williams,5.0,9,9,0
lotus_racing,0.0,10,10,0
hrt,0.0,11,11,0
virgin,0.0,12,12,0
red_bull,558.0,1,1,10
mclaren,418.0,2,2,5
ferrari,310.0,3,3,1
mercedes,127.0,4,4,0
renault,72.0,5,5,0
force_india,49.0,6,6,0
sauber,40.0,7,7,0
toro_rosso,37.0,8,8,0
williams,5.0,9,9,0
lotus_racing,0.0,10,10,0
hrt,0.0,11,11,0
virgin,0.0,12,12,0
red_bull,595.0,1,1,11
mclaren,442.0,2,2,5
ferrari,325.0,3,3,1
mercedes,145.0,4,4,0
renault,72.0,5,5,0
force_india,51.0,6,6,0
sauber,41.0,7,7,0
toro_rosso,41.0,8,8,0
williams,5.0,9,9,0
lotus_racing,0.0,10,10,0
hrt,0.0,11,11,0
virgin,0.0,12,12,0
red_bull,607.0,1,1,11
mclaren,482.0,2,2,6
ferrari,353.0,3,3,1
mercedes,159.0,4,4,0
renault,72.0,5,5,0
force_india,57.0,6,6,0
sauber,42.0,7,7,0
toro_rosso,41.0,8,8,0
williams,5.0,9,9,0
lotus_racing,0.0,10,10,0
hrt,0.0,11,11,0
virgin,0.0,12,12,0
red_bull,650.0,1,1,12
mclaren,497.0,2,2,6
ferrari,375.0,3,3,1
mercedes,165.0,4,4,0
renault,73.0,5,5,0
force_india,69.0,6,6,0
sauber,44.0,7,7,0
toro_rosso,41.0,8,8,0
williams,5.0,9,9,0
lotus_racing,0.0,10,10,0
hrt,0.0,11,11,0
virgin,0.0,12,12,0
mclaren,40.0,1,1,1
red_bull,30.0,2,2,0
sauber,12.0,3,3,0
ferrari,10.0,4,4,0
lotus_f1,6.0,5,5,0
toro_rosso,2.0,6,6,0
force_india,1.0,7,7,0
mercedes,0.0,8,8,0
williams,0.0,9,9,0
marussia,0.0,10,10,0
caterham,0.0,11,11,0
mclaren,55.0,1,1,1
red_bull,42.0,2,2,0
ferrari,35.0,3,3,1
sauber,30.0,4,4,0
lotus_f1,16.0,5,5,0
force_india,9.0,6,6,0
williams,8.0,7,7,0
toro_rosso,6.0,8,8,0
mercedes,1.0,9,9,0
marussia,0.0,10,10,0
caterham,0.0,11,11,0
hrt,0.0,12,12,0
mclaren,88.0,1,1,1
red_bull,64.0,2,2,0
ferrari,37.0,3,3,1
sauber,31.0,4,4,0
mercedes,26.0,5,5,1
lotus_f1,24.0,6,6,0
williams,18.0,7,7,0
force_india,9.0,8,8,0
toro_rosso,6.0,9,9,0
marussia,0.0,10,10,0
caterham,0.0,11,11,0
hrt,0.0,12,12,0
red_bull,101.0,1,1,1
mclaren,92.0,2,2,1
lotus_f1,57.0,3,3,0
ferrari,45.0,4,4,1
mercedes,37.0,5,5,1
sauber,31.0,6,6,0
williams,18.0,7,7,0
force_india,17.0,8,8,0
toro_rosso,6.0,9,9,0
marussia,0.0,10,10,0
caterham,0.0,11,11,0
hrt,0.0,12,12,0
red_bull,109.0,1,1,1
mclaren,98.0,2,2,1
lotus_f1,84.0,3,3,0
ferrari,63.0,4,4,1
mercedes,43.0,5,5,1
williams,43.0,6,6,1
sauber,41.0,7,7,0
force_india,18.0,8,8,0
toro_rosso,6.0,9,9,0
marussia,0.0,10,10,0
caterham,0.0,11,11,0
hrt,0.0,12,12,0
red_bull,146.0,1,1,2
mclaren,108.0,2,2,1
ferrari,86.0,3,3,1
lotus_f1,86.0,4,4,0
mercedes,61.0,5,5,1
williams,44.0,6,6,1
sauber,41.0,7,7,0
force_india,28.0,8,8,0
toro_rosso,6.0,9,9,0
caterham,0.0,10,10,0
marussia,0.0,11,11,0
hrt,0.0,12,12,0
red_bull,164.0,1,1,2
mclaren,133.0,2,2,2
lotus_f1,108.0,3,3,0
ferrari,97.0,4,4,1
mercedes,69.0,5,5,1
sauber,58.0,6,6,0
williams,44.0,7,7,1
force_india,28.0,8,8,0
toro_rosso,6.0,9,9,0
caterham,0.0,10,10,0
marussia,0.0,11,11,0
hrt,0.0,12,12,0
red_bull,176.0,1,1,2
mclaren,137.0,2,2,2
lotus_f1,126.0,3,3,0
ferrari,122.0,4,4,2
mercedes,92.0,5,5,1
sauber,60.0,6,6,0
williams,45.0,7,7,1
force_india,44.0,8,8,0
toro_rosso,6.0,9,9,0
caterham,0.0,10,10,0
marussia,0.0,11,11,0
hrt,0.0,12,12,0
red_bull,216.0,1,1,3
ferrari,152.0,2,2,2
lotus_f1,144.0,3,3,0
mclaren,142.0,4,4,2
mercedes,98.0,5,5,1
sauber,60.0,6,6,0
williams,47.0,7,7,1
force_india,44.0,8,8,0
toro_rosso,6.0,9,9,0
caterham,0.0,10,10,0
marussia,0.0,11,11,0
hrt,0.0,12,12,0
red_bull,230.0,1,1,3
ferrari,177.0,2,2,3
mclaren,160.0,3,3,2
lotus_f1,159.0,4,4,0
mercedes,105.0,5,5,1
sauber,80.0,6,6,0
williams,47.0,7,7,1
force_india,46.0,8,8,0
toro_rosso,6.0,9,9,0
caterham,0.0,10,10,0
marussia,0.0,11,11,0
hrt,0.0,12,12,0
red_bull,246.0,1,1,3
mclaren,193.0,2,2,3
lotus_f1,192.0,3,3,0
ferrari,189.0,4,4,3
mercedes,106.0,5,5,1
sauber,80.0,6,6,0
williams,53.0,7,7,1
force_india,46.0,8,8,0
toro_rosso,6.0,9,9,0
caterham,0.0,10,10,0
marussia,0.0,11,11,0
hrt,0.0,12,12,0
red_bull,272.0,1,1,3
mclaren,218.0,2,2,4
lotus_f1,207.0,3,3,0
ferrari,199.0,4,4,3
mercedes,112.0,5,5,1
sauber,80.0,6,6,0
force_india,59.0,7,7,0
williams,53.0,8,8,1
toro_rosso,12.0,9,9,0
caterham,0.0,10,10,0
marussia,0.0,11,11,0
hrt,0.0,12,12,0
red_bull,272.0,1,1,3
mclaren,243.0,2,2,5
ferrari,226.0,3,3,3
lotus_f1,217.0,4,4,0
mercedes,126.0,5,5,1
sauber,100.0,6,6,0
force_india,63.0,7,7,0
williams,54.0,8,8,1
toro_rosso,12.0,9,9,0
caterham,0.0,10,10,0
marussia,0.0,11,11,0
hrt,0.0,12,12,0
red_bull,297.0,1,1,4
mclaren,261.0,2,2,5
ferrari,245.0,3,3,3
lotus_f1,231.0,4,4,0
mercedes,136.0,5,5,1
sauber,101.0,6,6,0
force_india,75.0,7,7,0
williams,54.0,8,8,1
toro_rosso,14.0,9,9,0
marussia,0.0,10,10,0
caterham,0.0,11,11,0
hrt,0.0,12,12,0
red_bull,324.0,1,1,5
mclaren,283.0,2,2,5
ferrari,263.0,3,3,3
lotus_f1,239.0,4,4,0
mercedes,136.0,5,5,1
sauber,116.0,6,6,0
force_india,81.0,7,7,0
williams,58.0,8,8,1
toro_rosso,15.0,9,9,0
marussia,0.0,10,10,0
caterham,0.0,11,11,0
hrt,0.0,12,12,0
red_bull,367.0,1,1,6
ferrari,290.0,2,2,3
mclaren,284.0,3,3,5
lotus_f1,255.0,4,4,0
mercedes,136.0,5,5,1
sauber,116.0,6,6,0
force_india,89.0,7,7,0
williams,58.0,8,8,1
toro_rosso,21.0,9,9,0
marussia,0.0,10,10,0
caterham,0.0,11,11,0
hrt,0.0,12,12,0
red_bull,407.0,1,1,7
ferrari,316.0,2,2,3
mclaren,306.0,3,3,5
lotus_f1,263.0,4,4,0
mercedes,136.0,5,5,1
sauber,116.0,6,6,0
force_india,93.0,7,7,0
williams,59.0,8,8,1
toro_rosso,21.0,9,9,0
marussia,0.0,10,10,0
caterham,0.0,11,11,0
hrt,0.0,12,12,0
red_bull,422.0,1,1,7
ferrari,340.0,2,2,3
mclaren,318.0,3,3,5
lotus_f1,288.0,4,4,1
mercedes,136.0,5,5,1
sauber,124.0,6,6,0
force_india,95.0,7,7,0
williams,73.0,8,8,1
toro_rosso,22.0,9,9,0
marussia,0.0,10,10,0
caterham,0.0,11,11,0
hrt,0.0,12,12,0
red_bull,440.0,1,1,7
ferrari,367.0,2,2,3
mclaren,353.0,3,3,6
lotus_f1,302.0,4,4,1
mercedes,136.0,5,5,1
sauber,124.0,6,6,0
force_india,99.0,7,7,0
williams,76.0,8,8,1
toro_rosso,22.0,9,9,0
marussia,0.0,10,10,0
caterham,0.0,11,11,0
hrt,0.0,12,12,0
red_bull,460.0,1,1,7
ferrari,400.0,2,2,3
mclaren,378.0,3,3,7
lotus_f1,303.0,4,4,1
mercedes,142.0,5,5,1
sauber,126.0,6,6,0
force_india,109.0,7,7,0
williams,76.0,8,8,1
toro_rosso,26.0,9,9,0
caterham,0.0,10,10,0
marussia,0.0,11,11,0
hrt,0.0,12,12,0
ferrari,30.0,1,1,0
lotus_f1,26.0,2,2,1
red_bull,23.0,3,3,0
mercedes,10.0,4,4,0
force_india,10.0,5,5,0
mclaren,2.0,6,6,0
toro_rosso,0.0,7,7,0
sauber,0.0,8,8,0
williams,0.0,9,9,0
marussia,0.0,10,10,0
caterham,0.0,11,11,0
red_bull,66.0,1,1,1
lotus_f1,40.0,2,2,1
ferrari,40.0,3,3,0
mercedes,37.0,4,4,0
force_india,10.0,5,5,0
sauber,4.0,6,6,0
mclaren,4.0,7,7,0
toro_rosso,1.0,8,8,0
williams,0.0,9,9,0
marussia,0.0,10,10,0
caterham,0.0,11,11,0
red_bull,78.0,1,1,1
ferrari,73.0,2,2,1
lotus_f1,60.0,3,3,1
mercedes,52.0,4,4,0
mclaren,14.0,5,5,0
force_india,14.0,6,6,0
toro_rosso,7.0,7,7,0
sauber,5.0,8,8,0
williams,0.0,9,9,0
marussia,0.0,10,10,0
caterham,0.0,11,11,0
red_bull,109.0,1,1,2
lotus_f1,93.0,2,2,1
ferrari,77.0,3,3,1
mercedes,64.0,4,4,0
force_india,26.0,5,5,0
mclaren,23.0,6,6,0
toro_rosso,7.0,7,7,0
sauber,5.0,8,8,0
williams,0.0,9,9,0
marussia,0.0,10,10,0
caterham,0.0,11,11,0
red_bull,131.0,1,1,2
ferrari,117.0,2,2,2
lotus_f1,111.0,3,3,1
mercedes,72.0,4,4,0
force_india,32.0,5,5,0
mclaren,29.0,6,6,0
toro_rosso,8.0,7,7,0
sauber,5.0,8,8,0
williams,0.0,9,9,0
marussia,0.0,10,10,0
caterham,0.0,11,11,0
red_bull,164.0,1,1,2
ferrari,123.0,2,2,2
lotus_f1,112.0,3,3,1
mercedes,109.0,4,4,1
force_india,44.0,5,5,0
mclaren,37.0,6,6,0
toro_rosso,12.0,7,7,0
sauber,5.0,8,8,0
williams,0.0,9,9,0
marussia,0.0,10,10,0
caterham,0.0,11,11,0
red_bull,201.0,1,1,3
ferrari,145.0,2,2,2
mercedes,134.0,3,3,1
lotus_f1,114.0,4,4,1
force_india,51.0,5,5,0
mclaren,37.0,6,6,0
toro_rosso,20.0,7,7,0
sauber,5.0,8,8,0
williams,0.0,9,9,0
marussia,0.0,10,10,0
caterham,0.0,11,11,0
red_bull,219.0,1,1,3
mercedes,171.0,2,2,2
ferrari,168.0,3,3,2
lotus_f1,124.0,4,4,1
force_india,59.0,5,5,0
mclaren,37.0,6,6,0
toro_rosso,24.0,7,7,0
sauber,6.0,8,8,0
williams,0.0,9,9,0
marussia,0.0,10,10,0
caterham,0.0,11,11,0
red_bull,250.0,1,1,4
mercedes,183.0,2,2,2
ferrari,180.0,3,3,2
lotus_f1,157.0,4,4,1
force_india,59.0,5,5,0
mclaren,49.0,6,6,0
toro_rosso,24.0,7,7,0
sauber,7.0,8,8,0
williams,0.0,9,9,0
marussia,0.0,10,10,0
caterham,0.0,11,11,0
red_bull,277.0,1,1,4
mercedes,208.0,2,2,3
ferrari,194.0,3,3,2
lotus_f1,183.0,4,4,1
force_india,59.0,5,5,0
mclaren,57.0,6,6,0
toro_rosso,24.0,7,7,0
sauber,7.0,8,8,0
williams,1.0,9,9,0
marussia,0.0,10,10,0
caterham,0.0,11,11,0
red_bull,312.0,1,1,5
mercedes,235.0,2,2,3
ferrari,218.0,3,3,2
lotus_f1,187.0,4,4,1
mclaren,65.0,5,5,0
force_india,61.0,6,6,0
toro_rosso,25.0,7,7,0
sauber,7.0,8,8,0
williams,1.0,9,9,0
marussia,0.0,10,10,0
caterham,0.0,11,11,0
red_bull,352.0,1,1,6
ferrari,248.0,2,2,2
mercedes,245.0,3,3,3
lotus_f1,191.0,4,4,1
mclaren,66.0,5,5,0
force_india,61.0,6,6,0
toro_rosso,31.0,7,7,0
sauber,17.0,8,8,0
williams,1.0,9,9,0
marussia,0.0,10,10,0
caterham,0.0,11,11,0
red_bull,377.0,1,1,7
ferrari,274.0,2,2,2
mercedes,267.0,3,3,3
lotus_f1,206.0,4,4,1
mclaren,76.0,5,5,0
force_india,62.0,6,6,0
toro_rosso,31.0,7,7,0
sauber,19.0,8,8,0
williams,1.0,9,9,0
marussia,0.0,10,10,0
caterham,0.0,11,11,0
red_bull,402.0,1,1,8
ferrari,284.0,2,2,2
mercedes,283.0,3,3,3
lotus_f1,239.0,4,4,1
mclaren,81.0,5,5,0
force_india,62.0,6,6,0
sauber,31.0,7,7,0
toro_rosso,31.0,8,8,0
williams,1.0,9,9,0
marussia,0.0,10,10,0
caterham,0.0,11,11,0
red_bull,445.0,1,1,9
ferrari,297.0,2,2,2
mercedes,287.0,3,3,3
lotus_f1,264.0,4,4,1
mclaren,83.0,5,5,0
force_india,62.0,6,6,0
sauber,45.0,7,7,0
toro_rosso,31.0,8,8,0
williams,1.0,9,9,0
marussia,0.0,10,10,0
caterham,0.0,11,11,0
red_bull,470.0,1,1,10
mercedes,313.0,2,2,3
ferrari,309.0,3,3,2
lotus_f1,285.0,4,4,1
mclaren,93.0,5,5,0
force_india,68.0,6,6,0
sauber,45.0,7,7,0
toro_rosso,32.0,8,8,0
williams,1.0,9,9,0
marussia,0.0,10,10,0
caterham,0.0,11,11,0
red_bull,513.0,1,1,11
mercedes,334.0,2,2,3
ferrari,323.0,3,3,2
lotus_f1,297.0,4,4,1
mclaren,95.0,5,5,0
force_india,77.0,6,6,0
sauber,45.0,7,7,0
toro_rosso,32.0,8,8,0
williams,1.0,9,9,0
marussia,0.0,10,10,0
caterham,0.0,11,11,0
red_bull,553.0,1,1,12
mercedes,348.0,2,2,3
ferrari,333.0,3,3,2
lotus_f1,315.0,4,4,1
mclaren,102.0,5,5,0
force_india,77.0,6,6,0
sauber,53.0,7,7,0
toro_rosso,32.0,8,8,0
williams,5.0,9,9,0
marussia,0.0,10,10,0
caterham,0.0,11,11,0
red_bull,596.0,1,1,13
mercedes,360.0,2,2,3
ferrari,354.0,3,3,2
lotus_f1,315.0,4,4,1
mclaren,122.0,5,5,0
force_india,77.0,6,6,0
sauber,57.0,7,7,0
toro_rosso,33.0,8,8,0
williams,5.0,9,9,0
marussia,0.0,10,10,0
caterham,0.0,11,11,0
mclaren,33.0,1,1,0
mercedes,25.0,2,2,1
ferrari,18.0,3,3,0
williams,10.0,4,4,0
force_india,9.0,5,5,0
toro_rosso,6.0,6,6,0
sauber,0.0,7,7,0
marussia,0.0,8,8,0
lotus_f1,0.0,9,9,0
caterham,0.0,10,10,0
red_bull,0.0,11,11,0
mercedes,68.0,1,1,2
mclaren,43.0,2,2,0
ferrari,30.0,3,3,0
williams,20.0,4,4,0
force_india,19.0,5,5,0
red_bull,15.0,6,6,0
toro_rosso,7.0,7,7,0
sauber,0.0,8,8,0
lotus_f1,0.0,9,9,0
caterham,0.0,10,10,0
marussia,0.0,11,11,0
mercedes,111.0,1,1,3
force_india,44.0,2,2,0
mclaren,43.0,3,3,0
red_bull,35.0,4,4,0
ferrari,33.0,5,5,0
williams,30.0,6,6,0
toro_rosso,7.0,7,7,0
lotus_f1,0.0,8,8,0
sauber,0.0,9,9,0
marussia,0.0,10,10,0
caterham,0.0,11,11,0
mercedes,154.0,1,1,4
red_bull,57.0,2,2,0
force_india,54.0,3,3,0
ferrari,52.0,4,4,0
mclaren,43.0,5,5,0
williams,36.0,6,6,0
toro_rosso,8.0,7,7,0
lotus_f1,0.0,8,8,0
sauber,0.0,9,9,0
marussia,0.0,10,10,0
caterham,0.0,11,11,0
mercedes,197.0,1,1,5
red_bull,84.0,2,2,0
ferrari,66.0,3,3,0
force_india,57.0,4,4,0
williams,46.0,5,5,0
mclaren,43.0,6,6,0
toro_rosso,8.0,7,7,0
lotus_f1,4.0,8,8,0
sauber,0.0,9,9,0
marussia,0.0,10,10,0
caterham,0.0,11,11,0
mercedes,240.0,1,1,6
red_bull,99.0,2,2,0
ferrari,78.0,3,3,0
force_india,67.0,4,4,0
mclaren,52.0,5,5,0
williams,52.0,6,6,0
lotus_f1,8.0,7,7,0
toro_rosso,8.0,8,8,0
marussia,2.0,9,9,0
sauber,0.0,10,10,0
caterham,0.0,11,11,0
mercedes,258.0,1,1,6
red_bull,139.0,2,2,1
ferrari,87.0,3,3,0
force_india,77.0,4,4,0
mclaren,66.0,5,5,0
williams,58.0,6,6,0
toro_rosso,12.0,7,7,0
lotus_f1,8.0,8,8,0
marussia,2.0,9,9,0
sauber,0.0,10,10,0
caterham,0.0,11,11,0
mercedes,301.0,1,1,7
red_bull,143.0,2,2,1
ferrari,98.0,3,3,0
force_india,87.0,4,4,0
williams,85.0,5,5,0
mclaren,72.0,6,6,0
toro_rosso,12.0,7,7,0
lotus_f1,8.0,8,8,0
marussia,2.0,9,9,0
sauber,0.0,10,10,0
caterham,0.0,11,11,0
mercedes,326.0,1,1,8
red_bull,168.0,2,2,1
ferrari,106.0,3,3,0
williams,103.0,4,4,0
force_india,91.0,5,5,0
mclaren,90.0,6,6,0
toro_rosso,15.0,7,7,0
lotus_f1,8.0,8,8,0
marussia,2.0,9,9,0
sauber,0.0,10,10,0
caterham,0.0,11,11,0
mercedes,366.0,1,1,9
red_bull,188.0,2,2,1
williams,121.0,3,3,0
ferrari,116.0,4,4,0
force_india,98.0,5,5,0
mclaren,96.0,6,6,0
toro_rosso,15.0,7,7,0
lotus_f1,8.0,8,8,0
marussia,2.0,9,9,0
sauber,0.0,10,10,0
caterham,0.0,11,11,0
mercedes,393.0,1,1,9
red_bull,219.0,2,2,2
ferrari,142.0,3,3,0
williams,135.0,4,4,0
force_india,98.0,5,5,0
mclaren,97.0,6,6,0
toro_rosso,17.0,7,7,0
lotus_f1,8.0,8,8,0
marussia,2.0,9,9,0
sauber,0.0,10,10,0
caterham,0.0,11,11,0
mercedes,411.0,1,1,9
red_bull,254.0,2,2,3
ferrari,160.0,3,3,0
williams,150.0,4,4,0
mclaren,105.0,5,5,0
force_india,103.0,6,6,0
toro_rosso,19.0,7,7,0
lotus_f1,8.0,8,8,0
marussia,2.0,9,9,0
sauber,0.0,10,10,0
caterham,0.0,11,11,0
mercedes,454.0,1,1,10
red_bull,272.0,2,2,3
williams,177.0,3,3,0
ferrari,162.0,4,4,0
mclaren,110.0,5,5,0
force_india,109.0,6,6,0
toro_rosso,19.0,7,7,0
lotus_f1,8.0,8,8,0
marussia,2.0,9,9,0
sauber,0.0,10,10,0
caterham,0.0,11,11,0
mercedes,479.0,1,1,11
red_bull,305.0,2,2,3
williams,187.0,3,3,0
ferrari,178.0,4,4,0
force_india,117.0,5,5,0
mclaren,111.0,6,6,0
toro_rosso,27.0,7,7,0
lotus_f1,8.0,8,8,0
marussia,2.0,9,9,0
sauber,0.0,10,10,0
caterham,0.0,11,11,0
mercedes,522.0,1,1,12
red_bull,332.0,2,2,3
williams,201.0,3,3,0
ferrari,178.0,4,4,0
force_india,122.0,5,5,0
mclaren,121.0,6,6,0
toro_rosso,29.0,7,7,0
lotus_f1,8.0,8,8,0
marussia,2.0,9,9,0
sauber,0.0,10,10,0
caterham,0.0,11,11,0
mercedes,565.0,1,1,13
red_bull,342.0,2,2,3
williams,216.0,3,3,0
ferrari,188.0,4,4,0
mclaren,143.0,5,5,0
force_india,123.0,6,6,0
toro_rosso,29.0,7,7,0
lotus_f1,8.0,8,8,0
marussia,2.0,9,9,0
sauber,0.0,10,10,0
caterham,0.0,11,11,0
mercedes,608.0,1,1,14
red_bull,363.0,2,2,3
williams,238.0,3,3,0
ferrari,196.0,4,4,0
mclaren,147.0,5,5,0
force_india,123.0,6,6,0
toro_rosso,30.0,7,7,0
lotus_f1,10.0,8,8,0
marussia,2.0,9,9,0
sauber,0.0,10,10,0
caterham,0.0,11,11,0
mercedes,651.0,1,1,15
red_bull,373.0,2,2,3
williams,254.0,3,3,0
ferrari,210.0,4,4,0
mclaren,161.0,5,5,0
force_india,127.0,6,6,0
toro_rosso,30.0,7,7,0
lotus_f1,10.0,8,8,0
marussia,2.0,9,9,0
sauber,0.0,10,10,0
caterham,0.0,11,11,0
mercedes,701.0,1,1,16
red_bull,405.0,2,2,3
williams,320.0,3,3,0
ferrari,216.0,4,4,0
mclaren,181.0,5,5,0
force_india,155.0,6,6,0
toro_rosso,30.0,7,7,0
lotus_f1,10.0,8,8,0
marussia,2.0,9,9,0
sauber,0.0,10,10,0
caterham,0.0,11,11,0
mercedes,43.0,1,1,1
ferrari,15.0,2,2,0
sauber,14.0,3,3,0
williams,12.0,4,4,0
red_bull,8.0,5,5,0
force_india,7.0,6,6,0
toro_rosso,2.0,7,7,0
mclaren,0.0,8,8,0
lotus_f1,0.0,9,9,0
mercedes,76.0,1,1,1
ferrari,52.0,2,2,1
williams,30.0,3,3,0
sauber,14.0,4,4,0
toro_rosso,12.0,5,5,0
red_bull,11.0,6,6,0
force_india,7.0,7,7,0
lotus_f1,0.0,8,8,0
mclaren,0.0,9,9,0
manor,0.0,10,10,0
mercedes,119.0,1,1,2
ferrari,79.0,2,2,1
williams,48.0,3,3,0
sauber,19.0,4,4,0
red_bull,13.0,5,5,0
toro_rosso,12.0,6,6,0
force_india,7.0,7,7,0
lotus_f1,6.0,8,8,0
mclaren,0.0,9,9,0
manor,0.0,10,10,0
mercedes,159.0,1,1,3
ferrari,107.0,2,2,1
williams,61.0,3,3,0
red_bull,23.0,4,4,0
sauber,19.0,5,5,0
lotus_f1,12.0,6,6,0
toro_rosso,12.0,7,7,0
force_india,11.0,8,8,0
mclaren,0.0,9,9,0
manor,0.0,10,10,0
mercedes,202.0,1,1,4
ferrari,132.0,2,2,1
williams,81.0,3,3,0
red_bull,30.0,4,4,0
sauber,19.0,5,5,0
lotus_f1,16.0,6,6,0
toro_rosso,14.0,7,7,0
force_india,11.0,8,8,0
mclaren,0.0,9,9,0
manor,0.0,10,10,0
mercedes,242.0,1,1,5
ferrari,158.0,2,2,1
williams,81.0,3,3,0
red_bull,52.0,4,4,0
sauber,21.0,5,5,0
force_india,17.0,6,6,0
lotus_f1,16.0,7,7,0
toro_rosso,15.0,8,8,0
mclaren,4.0,9,9,0
manor,0.0,10,10,0
mercedes,285.0,1,1,6
ferrari,180.0,2,2,1
williams,104.0,3,3,0
red_bull,54.0,4,4,0
lotus_f1,23.0,5,5,0
sauber,21.0,6,6,0
force_india,21.0,7,7,0
toro_rosso,15.0,8,8,0
mclaren,4.0,9,9,0
manor,0.0,10,10,0
mercedes,328.0,1,1,7
ferrari,192.0,2,2,1
williams,129.0,3,3,0
red_bull,55.0,4,4,0
force_india,31.0,5,5,0
lotus_f1,29.0,6,6,0
sauber,21.0,7,7,0
toro_rosso,19.0,8,8,0
mclaren,4.0,9,9,0
manor,0.0,10,10,0
mercedes,371.0,1,1,8
ferrari,211.0,2,2,1
williams,151.0,3,3,0
red_bull,63.0,4,4,0
force_india,39.0,5,5,0
lotus_f1,29.0,6,6,0
sauber,21.0,7,7,0
toro_rosso,19.0,8,8,0
mclaren,5.0,9,9,0
manor,0.0,10,10,0
mercedes,383.0,1,1,8
ferrari,236.0,2,2,2
williams,151.0,3,3,0
red_bull,96.0,4,4,0
force_india,39.0,5,5,0
lotus_f1,35.0,6,6,0
toro_rosso,31.0,7,7,0
sauber,22.0,8,8,0
mclaren,17.0,9,9,0
manor,0.0,10,10,0
mercedes,426.0,1,1,9
ferrari,242.0,2,2,2
williams,161.0,3,3,0
red_bull,108.0,4,4,0
lotus_f1,50.0,5,5,0
force_india,49.0,6,6,0
toro_rosso,35.0,7,7,0
sauber,23.0,8,8,0
mclaren,17.0,9,9,0
manor,0.0,10,10,0
mercedes,451.0,1,1,10
ferrari,270.0,2,2,2
williams,188.0,3,3,0
red_bull,113.0,4,4,0
force_india,63.0,5,5,0
lotus_f1,50.0,6,6,0
toro_rosso,35.0,7,7,0
sauber,25.0,8,8,0
mclaren,17.0,9,9,0
manor,0.0,10,10,0
mercedes,463.0,1,1,10
ferrari,310.0,2,2,3
williams,198.0,3,3,0
red_bull,139.0,4,4,0
force_india,69.0,5,5,0
lotus_f1,50.0,6,6,0
toro_rosso,41.0,7,7,0
sauber,26.0,8,8,0
mclaren,17.0,9,9,0
manor,0.0,10,10,0
mercedes,506.0,1,1,11
ferrari,337.0,2,2,3
williams,208.0,3,3,0
red_bull,139.0,4,4,0
force_india,77.0,5,5,0
lotus_f1,60.0,6,6,0
toro_rosso,44.0,7,7,0
sauber,26.0,8,8,0
mclaren,17.0,9,9,0
manor,0.0,10,10,0
mercedes,531.0,1,1,12
ferrari,359.0,2,2,3
williams,220.0,3,3,0
red_bull,149.0,4,4,0
force_india,92.0,5,5,0
lotus_f1,66.0,6,6,0
toro_rosso,45.0,7,7,0
sauber,34.0,8,8,0
mclaren,19.0,9,9,0
manor,0.0,10,10,0
mercedes,574.0,1,1,13
ferrari,374.0,2,2,3
williams,220.0,3,3,0
red_bull,150.0,4,4,0
force_india,102.0,5,5,0
lotus_f1,70.0,6,6,0
toro_rosso,63.0,7,7,0
sauber,36.0,8,8,0
mclaren,27.0,9,9,0
manor,0.0,10,10,0
mercedes,617.0,1,1,14
ferrari,374.0,2,2,3
williams,243.0,3,3,0
red_bull,172.0,4,4,0
force_india,112.0,5,5,0
lotus_f1,71.0,6,6,0
toro_rosso,65.0,7,7,0
sauber,36.0,8,8,0
mclaren,27.0,9,9,0
manor,0.0,10,10,0
mercedes,660.0,1,1,15
ferrari,401.0,2,2,3
williams,253.0,3,3,0
red_bull,178.0,4,4,0
force_india,120.0,5,5,0
lotus_f1,76.0,6,6,0
toro_rosso,67.0,7,7,0
sauber,36.0,8,8,0
mclaren,27.0,9,9,0
manor,0.0,10,10,0
mercedes,703.0,1,1,16
ferrari,428.0,2,2,3
williams,257.0,3,3,0
red_bull,187.0,4,4,0
force_india,136.0,5,5,0
lotus_f1,78.0,6,6,0
toro_rosso,67.0,7,7,0
sauber,36.0,8,8,0
mclaren,27.0,9,9,0
manor,0.0,10,10,0
mercedes,43.0,1,1,1
ferrari,15.0,2,2,0
williams,14.0,3,3,0
red_bull,12.0,4,4,0
haas,8.0,5,5,0
force_india,6.0,6,6,0
toro_rosso,3.0,7,7,0
renault,0.0,8,8,0
mclaren,0.0,9,9,0
sauber,0.0,10,10,0
manor,0.0,11,11,0
mercedes,83.0,1,1,2
ferrari,33.0,2,2,0
red_bull,30.0,3,3,0
williams,20.0,4,4,0
haas,18.0,5,5,0
toro_rosso,11.0,6,6,0
force_india,6.0,7,7,0
mclaren,1.0,8,8,0
renault,0.0,9,9,0
sauber,0.0,10,10,0
manor,0.0,11,11,0
mercedes,114.0,1,1,3
ferrari,61.0,2,2,0
red_bull,57.0,3,3,0
williams,29.0,4,4,0
haas,18.0,5,5,0
toro_rosso,17.0,6,6,0
force_india,6.0,7,7,0
mclaren,1.0,8,8,0
renault,0.0,9,9,0
sauber,0.0,10,10,0
manor,0.0,11,11,0
mercedes,157.0,1,1,4
ferrari,76.0,2,2,0
red_bull,57.0,3,3,0
williams,51.0,4,4,0
haas,22.0,5,5,0
toro_rosso,17.0,6,6,0
mclaren,10.0,7,7,0
force_india,8.0,8,8,0
renault,6.0,9,9,0
sauber,0.0,10,10,0
manor,0.0,11,11,0
mercedes,157.0,1,1,4
ferrari,109.0,2,2,0
red_bull,94.0,3,3,1
williams,65.0,4,4,0
toro_rosso,26.0,5,5,0
haas,22.0,6,6,0
force_india,14.0,7,7,0
mclaren,12.0,8,8,0
renault,6.0,9,9,0
sauber,0.0,10,10,0
manor,0.0,11,11,0
mercedes,188.0,1,1,5
ferrari,121.0,2,2,0
red_bull,112.0,3,3,1
williams,66.0,4,4,0
force_india,37.0,5,5,0
toro_rosso,30.0,6,6,0
mclaren,24.0,7,7,0
haas,22.0,8,8,0
renault,6.0,9,9,0
sauber,0.0,10,10,0
manor,0.0,11,11,0
mercedes,223.0,1,1,6
ferrari,147.0,2,2,0
red_bull,130.0,3,3,1
williams,81.0,4,4,0
force_india,42.0,5,5,0
toro_rosso,32.0,6,6,0
mclaren,24.0,7,7,0
haas,22.0,8,8,0
renault,6.0,9,9,0
sauber,0.0,10,10,0
manor,0.0,11,11,0
mercedes,258.0,1,1,7
ferrari,177.0,2,2,0
red_bull,140.0,3,3,1
williams,90.0,4,4,0
force_india,59.0,5,5,0
toro_rosso,32.0,6,6,0
mclaren,24.0,7,7,0
haas,22.0,8,8,0
renault,6.0,9,9,0
sauber,0.0,10,10,0
manor,0.0,11,11,0
mercedes,295.0,1,1,8
ferrari,192.0,2,2,0
red_bull,168.0,3,3,1
williams,92.0,4,4,0
force_india,59.0,5,5,0
toro_rosso,36.0,6,6,0
mclaren,32.0,7,7,0
haas,28.0,8,8,0
renault,6.0,9,9,0
manor,1.0,10,10,0
sauber,0.0,11,11,0
mercedes,335.0,1,1,9
ferrari,204.0,2,2,0
red_bull,198.0,3,3,1
williams,92.0,4,4,0
force_india,73.0,5,5,0
toro_rosso,41.0,6,6,0
mclaren,32.0,7,7,0
haas,28.0,8,8,0
renault,6.0,9,9,0
manor,1.0,10,10,0
sauber,0.0,11,11,0
mercedes,378.0,1,1,10
ferrari,224.0,2,2,0
red_bull,223.0,3,3,1
williams,94.0,4,4,0
force_india,74.0,5,5,0
toro_rosso,45.0,6,6,0
mclaren,38.0,7,7,0
haas,28.0,8,8,0
renault,6.0,9,9,0
manor,1.0,10,10,0
sauber,0.0,11,11,0
mercedes,415.0,1,1,11
red_bull,256.0,2,2,1
ferrari,242.0,3,3,0
williams,96.0,4,4,0
force_india,81.0,5,5,0
toro_rosso,45.0,6,6,0
mclaren,42.0,7,7,0
haas,28.0,8,8,0
renault,6.0,9,9,0
manor,1.0,10,10,0
sauber,0.0,11,11,0
mercedes,455.0,1,1,12
red_bull,274.0,2,2,1
ferrari,252.0,3,3,0
force_india,103.0,4,4,0
williams,101.0,5,5,0
mclaren,48.0,6,6,0
toro_rosso,45.0,7,7,0
haas,28.0,8,8,0
renault,6.0,9,9,0
manor,1.0,10,10,0
sauber,0.0,11,11,0
mercedes,498.0,1,1,13
red_bull,290.0,2,2,1
ferrari,279.0,3,3,0
williams,111.0,4,4,0
force_india,108.0,5,5,0
mclaren,48.0,6,6,0
toro_rosso,45.0,7,7,0
haas,28.0,8,8,0
renault,6.0,9,9,0
manor,1.0,10,10,0
sauber,0.0,11,11,0
mercedes,538.0,1,1,14
red_bull,316.0,2,2,1
ferrari,301.0,3,3,0
force_india,112.0,4,4,0
williams,111.0,5,5,0
mclaren,54.0,6,6,0
toro_rosso,47.0,7,7,0
haas,28.0,8,8,0
renault,7.0,9,9,0
manor,1.0,10,10,0
sauber,0.0,11,11,0
mercedes,553.0,1,1,14
red_bull,359.0,2,2,2
ferrari,313.0,3,3,0
force_india,124.0,4,4,0
williams,121.0,5,5,0
mclaren,62.0,6,6,0
toro_rosso,47.0,7,7,0
haas,28.0,8,8,0
renault,8.0,9,9,0
manor,1.0,10,10,0
sauber,0.0,11,11,0
mercedes,593.0,1,1,15
red_bull,385.0,2,2,2
ferrari,335.0,3,3,0
force_india,134.0,4,4,0
williams,124.0,5,5,0
mclaren,62.0,6,6,0
toro_rosso,47.0,7,7,0
haas,28.0,8,8,0
renault,8.0,9,9,0
manor,1.0,10,10,0
sauber,0.0,11,11,0
mercedes,636.0,1,1,16
red_bull,400.0,2,2,2
ferrari,347.0,3,3,0
force_india,138.0,4,4,0
williams,130.0,5,5,0
mclaren,74.0,6,6,0
toro_rosso,55.0,7,7,0
haas,29.0,8,8,0
renault,8.0,9,9,0
manor,1.0,10,10,0
sauber,0.0,11,11,0
mercedes,679.0,1,1,17
red_bull,427.0,2,2,2
ferrari,365.0,3,3,0
force_india,145.0,4,4,0
williams,136.0,5,5,0
mclaren,74.0,6,6,0
toro_rosso,55.0,7,7,0
haas,29.0,8,8,0
renault,8.0,9,9,0
manor,1.0,10,10,0
sauber,0.0,11,11,0
mercedes,722.0,1,1,18
red_bull,446.0,2,2,2
ferrari,375.0,3,3,0
force_india,163.0,4,4,0
williams,136.0,5,5,0
mclaren,75.0,6,6,0
toro_rosso,63.0,7,7,0
haas,29.0,8,8,0
renault,8.0,9,9,0
sauber,2.0,10,10,0
manor,1.0,11,11,0
mercedes,765.0,1,1,19
red_bull,468.0,2,2,2
ferrari,398.0,3,3,0
force_india,173.0,4,4,0
williams,138.0,5,5,0
mclaren,76.0,6,6,0
toro_rosso,63.0,7,7,0
haas,29.0,8,8,0
renault,8.0,9,9,0
sauber,2.0,10,10,0
manor,1.0,11,11,0
ferrari,37.0,1,1,1
mercedes,33.0,2,2,0
red_bull,10.0,3,3,0
williams,8.0,4,4,0
force_india,7.0,5,5,0
toro_rosso,6.0,6,6,0
renault,0.0,7,7,0
sauber,0.0,8,8,0
mclaren,0.0,9,9,0
haas,0.0,10,10,0
mercedes,66.0,1,1,1
ferrari,65.0,2,2,1
red_bull,37.0,3,3,0
toro_rosso,12.0,4,4,0
force_india,10.0,5,5,0
williams,8.0,6,6,0
haas,4.0,7,7,0
renault,0.0,8,8,0
sauber,0.0,9,9,0
mclaren,0.0,10,10,0
ferrari,102.0,1,1,2
mercedes,99.0,2,2,1
red_bull,47.0,3,3,0
force_india,17.0,4,4,0
williams,16.0,5,5,0
toro_rosso,12.0,6,6,0
haas,8.0,7,7,0
renault,2.0,8,8,0
sauber,0.0,9,9,0
mclaren,0.0,10,10,0
mercedes,136.0,1,1,2
ferrari,135.0,2,2,2
red_bull,57.0,3,3,0
force_india,31.0,4,4,0
williams,18.0,5,5,0
toro_rosso,13.0,6,6,0
haas,8.0,7,7,0
renault,6.0,8,8,0
sauber,0.0,9,9,0
mclaren,0.0,10,10,0
mercedes,161.0,1,1,3
ferrari,153.0,2,2,2
red_bull,72.0,3,3,0
force_india,53.0,4,4,0
toro_rosso,21.0,5,5,0
williams,18.0,6,6,0
renault,14.0,7,7,0
haas,9.0,8,8,0
sauber,4.0,9,9,0
mclaren,0.0,10,10,0
ferrari,196.0,1,1,3
mercedes,179.0,2,2,3
red_bull,97.0,3,3,0
force_india,53.0,4,4,0
toro_rosso,29.0,5,5,0
williams,20.0,6,6,0
renault,14.0,7,7,0
haas,14.0,8,8,0
sauber,4.0,9,9,0
mclaren,0.0,10,10,0
mercedes,222.0,1,1,4
ferrari,214.0,2,2,3
red_bull,112.0,3,3,0
force_india,71.0,4,4,0
toro_rosso,29.0,5,5,0
williams,22.0,6,6,0
renault,18.0,7,7,0
haas,15.0,8,8,0
sauber,4.0,9,9,0
mclaren,0.0,10,10,0
mercedes,250.0,1,1,4
ferrari,226.0,2,2,3
red_bull,137.0,3,3,1
force_india,79.0,4,4,0
williams,37.0,5,5,0
toro_rosso,33.0,6,6,0
haas,21.0,7,7,0
renault,18.0,8,8,0
sauber,5.0,9,9,0
mclaren,2.0,10,10,0
mercedes,287.0,1,1,5
ferrari,254.0,2,2,3
red_bull,152.0,3,3,1
force_india,89.0,4,4,0
williams,40.0,5,5,0
toro_rosso,33.0,6,6,0
haas,29.0,7,7,0
renault,18.0,8,8,0
sauber,5.0,9,9,0
mclaren,2.0,10,10,0
mercedes,330.0,1,1,6
ferrari,275.0,2,2,3
red_bull,174.0,3,3,1
force_india,95.0,4,4,0
williams,41.0,5,5,0
toro_rosso,33.0,6,6,0
haas,29.0,7,7,0
renault,26.0,8,8,0
sauber,5.0,9,9,0
mclaren,2.0,10,10,0
mercedes,357.0,1,1,6
ferrari,318.0,2,2,4
red_bull,184.0,3,3,1
force_india,101.0,4,4,0
williams,41.0,5,5,0
toro_rosso,39.0,6,6,0
haas,29.0,7,7,0
renault,26.0,8,8,0
mclaren,11.0,9,9,0
sauber,5.0,10,10,0
mercedes,392.0,1,1,7
ferrari,348.0,2,2,4
red_bull,199.0,3,3,1
force_india,103.0,4,4,0
williams,45.0,5,5,0
toro_rosso,40.0,6,6,0
haas,35.0,7,7,0
renault,34.0,8,8,0
mclaren,11.0,9,9,0
sauber,5.0,10,10,0
mercedes,435.0,1,1,8
ferrari,373.0,2,2,4
red_bull,212.0,3,3,1
force_india,113.0,4,4,0
williams,55.0,5,5,0
toro_rosso,40.0,6,6,0
haas,35.0,7,7,0
renault,34.0,8,8,0
mclaren,11.0,9,9,0
sauber,5.0,10,10,0
mercedes,475.0,1,1,9
ferrari,373.0,2,2,4
red_bull,230.0,3,3,1
force_india,124.0,4,4,0
williams,59.0,5,5,0
toro_rosso,52.0,6,6,0
renault,42.0,7,7,0
haas,37.0,8,8,0
mclaren,17.0,9,9,0
sauber,5.0,10,10,0
mercedes,503.0,1,1,9
ferrari,385.0,2,2,4
red_bull,270.0,3,3,2
force_india,133.0,4,4,0
williams,65.0,5,5,0
toro_rosso,52.0,6,6,0
renault,42.0,7,7,0
haas,37.0,8,8,0
mclaren,23.0,9,9,0
sauber,5.0,10,10,0
mercedes,540.0,1,1,10
ferrari,395.0,2,2,4
red_bull,303.0,3,3,2
force_india,147.0,4,4,0
williams,66.0,5,5,0
toro_rosso,52.0,6,6,0
haas,43.0,7,7,0
renault,42.0,8,8,0
mclaren,23.0,9,9,0
sauber,5.0,10,10,0
mercedes,575.0,1,1,11
ferrari,428.0,2,2,4
red_bull,315.0,3,3,2
force_india,159.0,4,4,0
williams,68.0,5,5,0
toro_rosso,53.0,6,6,0
renault,48.0,7,7,0
haas,43.0,8,8,0
mclaren,23.0,9,9,0
sauber,5.0,10,10,0
mercedes,595.0,1,1,11
ferrari,455.0,2,2,4
red_bull,340.0,3,3,3
force_india,175.0,4,4,0
williams,76.0,5,5,0
toro_rosso,53.0,6,6,0
renault,48.0,7,7,0
haas,47.0,8,8,0
mclaren,24.0,9,9,0
sauber,5.0,10,10,0
mercedes,625.0,1,1,11
ferrari,495.0,2,2,5
red_bull,358.0,3,3,3
force_india,177.0,4,4,0
williams,82.0,5,5,0
toro_rosso,53.0,6,6,0
renault,49.0,7,7,0
haas,47.0,8,8,0
mclaren,28.0,9,9,0
sauber,5.0,10,10,0
mercedes,668.0,1,1,12
ferrari,522.0,2,2,5
red_bull,368.0,3,3,3
force_india,187.0,4,4,0
williams,83.0,5,5,0
renault,57.0,6,6,0
toro_rosso,53.0,7,7,0
haas,47.0,8,8,0
mclaren,30.0,9,9,0
sauber,5.0,10,10,0
ferrari,40.0,1,1,1
mercedes,22.0,2,2,0
red_bull,20.0,3,3,0
mclaren,12.0,4,4,0
renault,7.0,5,5,0
force_india,0.0,6,6,0
sauber,0.0,7,7,0
williams,0.0,8,8,0
toro_rosso,0.0,9,9,0
haas,0.0,10,10,0
ferrari,65.0,1,1,2
mercedes,55.0,2,2,0
mclaren,22.0,3,3,0
red_bull,20.0,4,4,0
renault,15.0,5,5,0
toro_rosso,12.0,6,6,0
haas,10.0,7,7,0
sauber,2.0,8,8,0
force_india,1.0,9,9,0
williams,0.0,10,10,0
mercedes,85.0,1,1,0
ferrari,84.0,2,2,2
red_bull,55.0,3,3,1
mclaren,28.0,4,4,0
renault,25.0,5,5,0
toro_rosso,12.0,6,6,0
haas,11.0,7,7,0
sauber,2.0,8,8,0
force_india,1.0,9,9,0
williams,0.0,10,10,0
ferrari,114.0,1,1,2
mercedes,110.0,2,2,1
red_bull,55.0,3,3,1
mclaren,36.0,4,4,0
renault,35.0,5,5,0
force_india,16.0,6,6,0
toro_rosso,13.0,7,7,0
haas,11.0,8,8,0
sauber,10.0,9,9,0
williams,4.0,10,10,0
mercedes,153.0,1,1,2
ferrari,126.0,2,2,2
red_bull,80.0,3,3,1
renault,41.0,4,4,0
mclaren,40.0,5,5,0
haas,19.0,6,6,0
force_india,18.0,7,7,0
toro_rosso,13.0,8,8,0
sauber,11.0,9,9,0
williams,4.0,10,10,0
mercedes,178.0,1,1,2
ferrari,156.0,2,2,2
red_bull,107.0,3,3,2
renault,46.0,4,4,0
mclaren,40.0,5,5,0
force_india,26.0,6,6,0
toro_rosso,19.0,7,7,0
haas,19.0,8,8,0
sauber,11.0,9,9,0
williams,4.0,10,10,0
mercedes,206.0,1,1,2
ferrari,189.0,2,2,3
red_bull,134.0,3,3,2
renault,56.0,4,4,0
mclaren,40.0,5,5,0
force_india,28.0,6,6,0
toro_rosso,19.0,7,7,0
haas,19.0,8,8,0
sauber,12.0,9,9,0
williams,4.0,10,10,0
mercedes,237.0,1,1,3
ferrari,214.0,2,2,3
red_bull,164.0,3,3,2
renault,62.0,4,4,0
mclaren,40.0,5,5,0
force_india,28.0,6,6,0
haas,27.0,7,7,0
toro_rosso,19.0,8,8,0
sauber,13.0,9,9,0
williams,4.0,10,10,0
ferrari,247.0,1,1,3
mercedes,237.0,2,2,3
red_bull,189.0,3,3,3
renault,62.0,4,4,0
haas,49.0,5,5,0
mclaren,44.0,6,6,0
force_india,42.0,7,7,0
toro_rosso,19.0,8,8,0
sauber,16.0,9,9,0
williams,4.0,10,10,0
ferrari,287.0,1,1,4
mercedes,267.0,2,2,3
red_bull,199.0,3,3,3
renault,70.0,4,4,0
haas,51.0,5,5,0
force_india,49.0,6,6,0
mclaren,48.0,7,7,0
toro_rosso,19.0,8,8,0
sauber,16.0,9,9,0
williams,4.0,10,10,0
mercedes,310.0,1,1,4
ferrari,302.0,2,2,4
red_bull,211.0,3,3,3
renault,80.0,4,4,0
force_india,59.0,5,5,0
haas,59.0,6,6,0
mclaren,48.0,7,7,0
toro_rosso,20.0,8,8,0
sauber,18.0,9,9,0
williams,4.0,10,10,0
mercedes,345.0,1,1,5
ferrari,335.0,2,2,4
red_bull,223.0,3,3,3
renault,82.0,4,4,0
haas,66.0,5,5,0
force_india,59.0,6,6,0
mclaren,52.0,7,7,0
toro_rosso,28.0,8,8,0
sauber,18.0,9,9,0
williams,4.0,10,10,0
mercedes,375.0,1,1,5
ferrari,360.0,2,2,5
red_bull,238.0,3,3,3
renault,82.0,4,4,0
haas,76.0,5,5,0
mclaren,52.0,6,6,0
toro_rosso,30.0,7,7,0
sauber,19.0,8,8,0
force_india,18.0,9,9,0
williams,4.0,10,10,0
mercedes,415.0,1,1,6
ferrari,390.0,2,2,5
red_bull,248.0,3,3,3
renault,86.0,4,4,0
haas,76.0,5,5,0
mclaren,52.0,6,6,0
force_india,32.0,7,7,0
toro_rosso,30.0,8,8,0
sauber,19.0,9,9,0
williams,7.0,10,10,0
mercedes,452.0,1,1,7
ferrari,415.0,2,2,5
red_bull,274.0,3,3,3
renault,91.0,4,4,0
haas,76.0,5,5,0
mclaren,58.0,6,6,0
force_india,32.0,7,7,0
toro_rosso,30.0,8,8,0
sauber,21.0,9,9,0
williams,7.0,10,10,0
mercedes,495.0,1,1,8
ferrari,442.0,2,2,5
red_bull,292.0,3,3,3
renault,91.0,4,4,0
haas,80.0,5,5,0
mclaren,58.0,6,6,0
force_india,35.0,7,7,0
toro_rosso,30.0,8,8,0
sauber,27.0,9,9,0
williams,7.0,10,10,0
mercedes,538.0,1,1,9
ferrari,460.0,2,2,5
red_bull,319.0,3,3,3
renault,92.0,4,4,0
haas,84.0,5,5,0
mclaren,58.0,6,6,0
force_india,43.0,7,7,0
toro_rosso,30.0,8,8,0
sauber,27.0,9,9,0
williams,7.0,10,10,0
mercedes,563.0,1,1,9
ferrari,497.0,2,2,6
red_bull,337.0,3,3,3
renault,106.0,4,4,0
haas,84.0,5,5,0
mclaren,58.0,6,6,0
force_india,47.0,7,7,0
toro_rosso,32.0,8,8,0
sauber,28.0,9,9,0
williams,7.0,10,10,0
mercedes,585.0,1,1,9
ferrari,530.0,2,2,6
red_bull,362.0,3,3,4
renault,114.0,4,4,0
haas,84.0,5,5,0
mclaren,62.0,6,6,0
force_india,47.0,7,7,0
sauber,36.0,8,8,0
toro_rosso,33.0,9,9,0
williams,7.0,10,10,0
mercedes,620.0,1,1,10
ferrari,553.0,2,2,6
red_bull,392.0,3,3,4
renault,114.0,4,4,0
haas,90.0,5,5,0
mclaren,62.0,6,6,0
force_india,48.0,7,7,0
sauber,42.0,8,8,0
toro_rosso,33.0,9,9,0
williams,7.0,10,10,0
mercedes,655.0,1,1,11
ferrari,571.0,2,2,6
red_bull,419.0,3,3,4
renault,122.0,4,4,0
haas,93.0,5,5,0
mclaren,62.0,6,6,0
force_india,52.0,7,7,0
sauber,48.0,8,8,0
toro_rosso,33.0,9,9,0
williams,7.0,10,10,0
mercedes,44.0,1,1,1
ferrari,22.0,2,2,0
red_bull,15.0,3,3,0
haas,8.0,4,4,0
renault,6.0,5,5,0
alfa,4.0,6,6,0
racing_point,2.0,7,7,0
toro_rosso,1.0,8,8,0
mclaren,0.0,9,9,0
williams,0.0,10,10,0
mercedes,87.0,1,1,2
ferrari,48.0,2,2,0
red_bull,31.0,3,3,0
alfa,10.0,4,4,0
mclaren,8.0,5,5,0
haas,8.0,6,6,0
renault,6.0,7,7,0
toro_rosso,3.0,8,8,0
racing_point,3.0,9,9,0
williams,0.0,10,10,0
mercedes,130.0,1,1,3
ferrari,73.0,2,2,0
red_bull,52.0,3,3,0
renault,12.0,4,4,0
alfa,12.0,5,5,0
haas,8.0,6,6,0
mclaren,8.0,7,7,0
racing_point,7.0,8,8,0
toro_rosso,4.0,9,9,0
williams,0.0,10,10,0
mercedes,173.0,1,1,4
ferrari,99.0,2,2,0
red_bull,64.0,3,3,0
mclaren,18.0,4,4,0
racing_point,17.0,5,5,0
alfa,13.0,6,6,0
renault,12.0,7,7,0
haas,8.0,8,8,0
toro_rosso,4.0,9,9,0
williams,0.0,10,10,0
mercedes,217.0,1,1,5
ferrari,121.0,2,2,0
red_bull,87.0,3,3,0
mclaren,22.0,4,4,0
racing_point,17.0,5,5,0
haas,15.0,6,6,0
alfa,13.0,7,7,0
renault,12.0,8,8,0
toro_rosso,6.0,9,9,0
williams,0.0,10,10,0
mercedes,257.0,1,1,6
ferrari,139.0,2,2,0
red_bull,110.0,3,3,0
mclaren,30.0,4,4,0
racing_point,17.0,5,5,0
haas,16.0,6,6,0
toro_rosso,16.0,7,7,0
renault,14.0,8,8,0
alfa,13.0,9,9,0
williams,0.0,10,10,0
mercedes,295.0,1,1,7
ferrari,172.0,2,2,0
red_bull,124.0,3,3,0
mclaren,30.0,4,4,0
renault,28.0,5,5,0
racing_point,19.0,6,6,0
toro_rosso,17.0,7,7,0
haas,16.0,8,8,0
alfa,13.0,9,9,0
williams,0.0,10,10,0
mercedes,338.0,1,1,8
ferrari,198.0,2,2,0
red_bull,137.0,3,3,0
mclaren,40.0,4,4,0
renault,32.0,5,5,0
racing_point,19.0,6,6,0
alfa,19.0,7,7,0
toro_rosso,17.0,8,8,0
haas,16.0,9,9,0
williams,0.0,10,10,0
mercedes,363.0,1,1,8
ferrari,228.0,2,2,0
red_bull,169.0,3,3,1
mclaren,52.0,4,4,0
renault,32.0,5,5,0
alfa,22.0,6,6,0
racing_point,19.0,7,7,0
toro_rosso,17.0,8,8,0
haas,16.0,9,9,0
williams,0.0,10,10,0
mercedes,407.0,1,1,9
ferrari,243.0,2,2,0
red_bull,191.0,3,3,1
mclaren,60.0,4,4,0
renault,39.0,5,5,0
alfa,26.0,6,6,0
racing_point,19.0,7,7,0
toro_rosso,19.0,8,8,0
haas,16.0,9,9,0
williams,0.0,10,10,0
mercedes,409.0,1,1,9
ferrari,261.0,2,2,0
red_bull,217.0,3,3,2
mclaren,70.0,4,4,0
toro_rosso,42.0,5,5,0
renault,39.0,6,6,0
racing_point,31.0,7,7,0
haas,26.0,8,8,0
alfa,26.0,9,9,0
williams,1.0,10,10,0
mercedes,438.0,1,1,10
ferrari,288.0,2,2,0
red_bull,244.0,3,3,2
mclaren,82.0,4,4,0
toro_rosso,43.0,5,5,0
renault,39.0,6,6,0
alfa,32.0,7,7,0
racing_point,31.0,8,8,0
haas,26.0,9,9,0
williams,1.0,10,10,0
mercedes,471.0,1,1,10
ferrari,326.0,2,2,1
red_bull,254.0,3,3,2
mclaren,82.0,4,4,0
toro_rosso,51.0,5,5,0
renault,43.0,6,6,0
racing_point,40.0,7,7,0
alfa,32.0,8,8,0
haas,26.0,9,9,0
williams,1.0,10,10,0
mercedes,505.0,1,1,10
ferrari,351.0,2,2,2
red_bull,266.0,3,3,2
mclaren,83.0,4,4,0
renault,65.0,5,5,0
toro_rosso,51.0,6,6,0
racing_point,46.0,7,7,0
alfa,34.0,8,8,0
haas,26.0,9,9,0
williams,1.0,10,10,0
mercedes,527.0,1,1,10
ferrari,394.0,2,2,3
red_bull,289.0,3,3,2
mclaren,89.0,4,4,0
renault,67.0,5,5,0
toro_rosso,55.0,6,6,0
racing_point,46.0,7,7,0
alfa,35.0,8,8,0
haas,26.0,9,9,0
williams,1.0,10,10,0
mercedes,571.0,1,1,11
ferrari,409.0,2,2,3
red_bull,311.0,3,3,2
mclaren,101.0,4,4,0
renault,68.0,5,5,0
toro_rosso,55.0,6,6,0
racing_point,52.0,7,7,0
alfa,35.0,8,8,0
haas,28.0,9,9,0
williams,1.0,10,10,0
mercedes,612.0,1,1,12
ferrari,435.0,2,2,3
red_bull,323.0,3,3,2
mclaren,111.0,4,4,0
renault,68.0,5,5,0
toro_rosso,62.0,6,6,0
racing_point,58.0,7,7,0
alfa,35.0,8,8,0
haas,28.0,9,9,0
williams,1.0,10,10,0
mercedes,652.0,1,1,13
ferrari,466.0,2,2,3
red_bull,341.0,3,3,2
mclaren,111.0,4,4,0
renault,73.0,5,5,0
toro_rosso,64.0,6,6,0
racing_point,64.0,7,7,0
alfa,35.0,8,8,0
haas,28.0,9,9,0
williams,1.0,10,10,0
mercedes,695.0,1,1,14
ferrari,479.0,2,2,3
red_bull,366.0,3,3,2
mclaren,121.0,4,4,0
renault,83.0,5,5,0
racing_point,65.0,6,6,0
toro_rosso,64.0,7,7,0
alfa,35.0,8,8,0
haas,28.0,9,9,0
williams,1.0,10,10,0
mercedes,701.0,1,1,14
ferrari,479.0,2,2,3
red_bull,391.0,3,3,3
mclaren,140.0,4,4,0
renault,91.0,5,5,0
toro_rosso,83.0,6,6,0
racing_point,67.0,7,7,0
alfa,57.0,8,8,0
haas,28.0,9,9,0
williams,1.0,10,10,0
mercedes,739.0,1,1,15
ferrari,504.0,2,2,3
red_bull,417.0,3,3,3
mclaren,145.0,4,4,0
renault,91.0,5,5,0
toro_rosso,85.0,6,6,0
racing_point,73.0,7,7,0
alfa,57.0,8,8,0
haas,28.0,9,9,0
williams,1.0,10,10,0
mercedes,37.0,1,1,1
mclaren,26.0,2,2,0
ferrari,19.0,3,3,0
racing_point,8.0,4,4,0
alphatauri,6.0,5,5,0
renault,4.0,6,6,0
alfa,2.0,7,7,0
williams,0.0,8,8,0
red_bull,0.0,9,9,0
haas,0.0,10,10,0
mercedes,80.0,1,1,2
mclaren,39.0,2,2,0
red_bull,27.0,3,3,0
racing_point,22.0,4,4,0
ferrari,19.0,5,5,0
renault,8.0,6,6,0
alphatauri,7.0,7,7,0
alfa,2.0,8,8,0
williams,0.0,9,9,0
haas,0.0,10,10,0
mercedes,121.0,1,1,3
red_bull,55.0,2,2,0
mclaren,41.0,3,3,0
racing_point,40.0,4,4,0
ferrari,27.0,5,5,0
renault,12.0,6,6,0
alphatauri,7.0,7,7,0
alfa,2.0,8,8,0
haas,1.0,9,9,0
williams,0.0,10,10,0
mercedes,146.0,1,1,4
red_bull,78.0,2,2,0
mclaren,51.0,3,3,0
ferrari,43.0,4,4,0
racing_point,42.0,5,5,0
renault,32.0,6,6,0
alphatauri,13.0,7,7,0
alfa,2.0,8,8,0
haas,1.0,9,9,0
williams,0.0,10,10,0
mercedes,180.0,1,1,4
red_bull,113.0,2,2,1
ferrari,55.0,3,3,0
mclaren,53.0,4,4,0
racing_point,41.0,5,5,0
renault,36.0,6,6,0
alphatauri,14.0,7,7,0
alfa,2.0,8,8,0
haas,1.0,9,9,0
williams,0.0,10,10,0
mercedes,221.0,1,1,5
red_bull,135.0,2,2,1
racing_point,63.0,3,3,0
mclaren,62.0,4,4,0
ferrari,61.0,5,5,0
renault,36.0,6,6,0
alphatauri,16.0,7,7,0
alfa,2.0,8,8,0
haas,1.0,9,9,0
williams,0.0,10,10,0
mercedes,264.0,1,1,6
red_bull,158.0,2,2,1
mclaren,68.0,3,3,0
racing_point,66.0,4,4,0
ferrari,61.0,5,5,0
renault,59.0,6,6,0
alphatauri,20.0,7,7,0
alfa,2.0,8,8,0
haas,1.0,9,9,0
williams,0.0,10,10,0
mercedes,281.0,1,1,6
red_bull,158.0,2,2,1
mclaren,98.0,3,3,0
racing_point,82.0,4,4,0
renault,71.0,5,5,0
ferrari,61.0,6,6,0
alphatauri,47.0,7,7,1
alfa,2.0,8,8,0
haas,1.0,9,9,0
williams,0.0,10,10,0
mercedes,325.0,1,1,7
red_bull,173.0,2,2,1
mclaren,106.0,3,3,0
racing_point,92.0,4,4,0
renault,83.0,5,5,0
ferrari,66.0,6,6,0
alphatauri,53.0,7,7,1
alfa,4.0,8,8,0
haas,1.0,9,9,0
williams,0.0,10,10,0
mercedes,366.0,1,1,8
red_bull,192.0,2,2,1
mclaren,106.0,3,3,0
racing_point,104.0,4,4,0
renault,99.0,5,5,0
ferrari,74.0,6,6,0
alphatauri,59.0,7,7,1
alfa,4.0,8,8,0
haas,1.0,9,9,0
williams,0.0,10,10,0
mercedes,391.0,1,1,9
red_bull,211.0,2,2,1
racing_point,120.0,3,3,0
mclaren,116.0,4,4,0
renault,114.0,5,5,0
ferrari,80.0,6,6,0
alphatauri,67.0,7,7,1
alfa,5.0,8,8,0
haas,3.0,9,9,0
williams,0.0,10,10,0
mercedes,435.0,1,1,10
red_bull,226.0,2,2,1
racing_point,126.0,3,3,0
mclaren,124.0,4,4,0
renault,120.0,5,5,0
ferrari,93.0,6,6,0
alphatauri,77.0,7,7,1
alfa,5.0,8,8,0
haas,3.0,9,9,0
williams,0.0,10,10,0
mercedes,479.0,1,1,11
red_bull,226.0,2,2,1
renault,135.0,3,3,0
mclaren,134.0,4,4,0
racing_point,134.0,5,5,0
ferrari,103.0,6,6,0
alphatauri,89.0,7,7,1
alfa,8.0,8,8,0
haas,3.0,9,9,0
williams,0.0,10,10,0
mercedes,504.0,1,1,12
red_bull,240.0,2,2,1
racing_point,154.0,3,3,0
mclaren,149.0,4,4,0
renault,136.0,5,5,0
ferrari,130.0,6,6,0
alphatauri,89.0,7,7,1
alfa,8.0,8,8,0
haas,3.0,9,9,0
williams,0.0,10,10,0
mercedes,533.0,1,1,13
red_bull,274.0,2,2,1
mclaren,171.0,3,3,0
racing_point,154.0,4,4,0
renault,144.0,5,5,0
ferrari,131.0,6,6,0
alphatauri,97.0,7,7,1
alfa,8.0,8,8,0
haas,3.0,9,9,0
williams,0.0,10,10,0
mercedes,540.0,1,1,13
red_bull,282.0,2,2,1
racing_point,194.0,3,3,1
mclaren,184.0,4,4,0
renault,172.0,5,5,0
ferrari,131.0,6,6,0
alphatauri,103.0,7,7,1
alfa,8.0,8,8,0
haas,3.0,9,9,0
williams,0.0,10,10,0
mercedes,573.0,1,1,13
red_bull,319.0,2,2,2
mclaren,202.0,3,3,0
racing_point,195.0,4,4,1
renault,181.0,5,5,0
ferrari,131.0,6,6,0
alphatauri,107.0,7,7,1
alfa,8.0,8,8,0
haas,3.0,9,9,0
williams,0.0,10,10,0
mercedes,41.0,1,1,1
red_bull,28.0,2,2,0
mclaren,18.0,3,3,0
ferrari,12.0,4,4,0
alphatauri,2.0,5,5,0
aston_martin,1.0,6,6,0
alfa,0.0,7,7,0
alpine,0.0,8,8,0
williams,0.0,9,9,0
haas,0.0,10,10,0
mercedes,60.0,1,1,1
red_bull,53.0,2,2,1
mclaren,41.0,3,3,0
ferrari,34.0,4,4,0
alphatauri,8.0,5,5,0
aston_martin,5.0,6,6,0
alpine,3.0,7,7,0
alfa,0.0,8,8,0
williams,0.0,9,9,0
haas,0.0,10,10,0
mercedes,101.0,1,1,2
red_bull,83.0,2,2,1
mclaren,53.0,3,3,0
ferrari,42.0,4,4,0
alpine,13.0,5,5,0
alphatauri,9.0,6,6,0
aston_martin,5.0,7,7,0
alfa,0.0,8,8,0
williams,0.0,9,9,0
haas,0.0,10,10,0
mercedes,141.0,1,1,3
red_bull,112.0,2,2,1
mclaren,65.0,3,3,0
ferrari,60.0,4,4,0
alpine,15.0,5,5,0
alphatauri,10.0,6,6,0
aston_martin,5.0,7,7,0
alfa,0.0,8,8,0
williams,0.0,9,9,0
haas,0.0,10,10,0
red_bull,149.0,1,1,2
mercedes,148.0,2,2,3
mclaren,80.0,3,3,0
ferrari,78.0,4,4,0
aston_martin,19.0,5,5,0
alphatauri,18.0,6,6,0
alpine,17.0,7,7,0
alfa,1.0,8,8,0
williams,0.0,9,9,0
haas,0.0,10,10,0
red_bull,174.0,1,1,3
mercedes,148.0,2,2,3
ferrari,94.0,3,3,0
mclaren,92.0,4,4,0
alphatauri,39.0,5,5,0
aston_martin,37.0,6,6,0
alpine,25.0,7,7,0
alfa,2.0,8,8,0
haas,0.0,9,9,0
williams,0.0,10,10,0
red_bull,215.0,1,1,4
mercedes,178.0,2,2,3
mclaren,110.0,3,3,0
ferrari,94.0,4,4,0
alphatauri,45.0,5,5,0
aston_martin,40.0,6,6,0
alpine,29.0,7,7,0
alfa,2.0,8,8,0
williams,0.0,9,9,0
haas,0.0,10,10,0
red_bull,252.0,1,1,5
mercedes,212.0,2,2,3
mclaren,120.0,3,3,0
ferrari,108.0,4,4,0
alphatauri,46.0,5,5,0
aston_martin,44.0,6,6,0
alpine,31.0,7,7,0
alfa,2.0,8,8,0
williams,0.0,9,9,0
haas,0.0,10,10,0
red_bull,286.0,1,1,6
mercedes,242.0,2,2,3
mclaren,141.0,3,3,0
ferrari,122.0,4,4,0
alphatauri,48.0,5,5,0
aston_martin,44.0,6,6,0
alpine,32.0,7,7,0
alfa,2.0,8,8,0
williams,0.0,9,9,0
haas,0.0,10,10,0
red_bull,289.0,1,1,6
mercedes,285.0,2,2,4
mclaren,163.0,3,3,0
ferrari,148.0,4,4,0
alphatauri,49.0,5,5,0
aston_martin,48.0,6,6,0
alpine,40.0,7,7,0
alfa,2.0,8,8,0
williams,0.0,9,9,0
haas,0.0,10,10,0
mercedes,303.0,1,1,4
red_bull,291.0,2,2,6
ferrari,163.0,3,3,0
mclaren,163.0,4,4,0
alpine,77.0,5,5,1
alphatauri,68.0,6,6,0
aston_martin,48.0,7,7,0
williams,10.0,8,8,0
alfa,3.0,9,9,0
haas,0.0,10,10,0
mercedes,310.5,1,1,4
red_bull,303.5,2,2,7
mclaren,169.0,3,3,0
ferrari,165.5,4,4,0
alpine,80.0,5,5,1
alphatauri,72.0,6,6,0
aston_martin,53.0,7,7,0
williams,20.0,8,8,0
alfa,3.0,9,9,0
haas,0.0,10,10,0
mercedes,344.5,1,1,4
red_bull,332.5,2,2,8
ferrari,181.5,3,3,0
mclaren,170.0,4,4,0
alpine,90.0,5,5,1
alphatauri,84.0,6,6,0
aston_martin,53.0,7,7,0
williams,20.0,8,8,0
alfa,3.0,9,9,0
haas,0.0,10,10,0
mercedes,362.5,1,1,4
red_bull,344.5,2,2,8
mclaren,215.0,3,3,1
ferrari,201.5,4,4,0
alpine,95.0,5,5,1
alphatauri,84.0,6,6,0
aston_martin,59.0,7,7,0
williams,22.0,8,8,0
alfa,3.0,9,9,0
haas,0.0,10,10,0
mercedes,397.5,1,1,5
red_bull,364.5,2,2,8
mclaren,234.0,3,3,1
ferrari,216.5,4,4,0
alpine,103.0,5,5,1
alphatauri,84.0,6,6,0
aston_martin,59.0,7,7,0
williams,23.0,8,8,0
alfa,7.0,9,9,0
haas,0.0,10,10,0
mercedes,433.5,1,1,6
red_bull,397.5,2,2,8
mclaren,240.0,3,3,1
ferrari,232.5,4,4,0
alpine,104.0,5,5,1
alphatauri,92.0,6,6,0
aston_martin,61.0,7,7,0
williams,23.0,8,8,0
alfa,7.0,9,9,0
haas,0.0,10,10,0
mercedes,460.5,1,1,6
red_bull,437.5,2,2,9
mclaren,254.0,3,3,1
ferrari,250.5,4,4,0
alpine,104.0,5,5,1
alphatauri,94.0,6,6,0
aston_martin,62.0,7,7,0
williams,23.0,8,8,0
alfa,7.0,9,9,0
haas,0.0,10,10,0
mercedes,478.5,1,1,6
red_bull,477.5,2,2,10
ferrari,268.5,3,3,0
mclaren,255.0,4,4,1
alpine,106.0,5,5,1
alphatauri,106.0,6,6,0
aston_martin,68.0,7,7,0
williams,23.0,8,8,0
alfa,11.0,9,9,0
haas,0.0,10,10,0
mercedes,521.5,1,1,7
red_bull,510.5,2,2,10
ferrari,287.5,3,3,0
mclaren,256.0,4,4,1
alpine,112.0,5,5,1
alphatauri,112.0,6,6,0
aston_martin,68.0,7,7,0
williams,23.0,8,8,0
alfa,11.0,9,9,0
haas,0.0,10,10,0
mercedes,546.5,1,1,8
red_bull,541.5,2,2,10
ferrari,297.5,3,3,0
mclaren,258.0,4,4,1
alpine,137.0,5,5,1
alphatauri,112.0,6,6,0
aston_martin,77.0,7,7,0
williams,23.0,8,8,0
alfa,11.0,9,9,0
haas,0.0,10,10,0
mercedes,587.5,1,1,9
red_bull,559.5,2,2,10
ferrari,307.5,3,3,0
mclaren,269.0,4,4,1
alpine,149.0,5,5,1
alphatauri,120.0,6,6,0
aston_martin,77.0,7,7,0
williams,23.0,8,8,0
alfa,13.0,9,9,0
haas,0.0,10,10,0
mercedes,613.5,1,1,9
red_bull,585.5,2,2,11
ferrari,323.5,3,3,0
mclaren,275.0,4,4,1
alpine,155.0,5,5,1
alphatauri,142.0,6,6,0
aston_martin,77.0,7,7,0
williams,23.0,8,8,0
alfa,13.0,9,9,0
haas,0.0,10,10,0
ferrari,44.0,1,1,1
mercedes,27.0,2,2,0
haas,10.0,3,3,0
alfa,9.0,4,4,0
alpine,8.0,5,5,0
alphatauri,4.0,6,6,0
aston_martin,0.0,7,7,0
williams,0.0,8,8,0
mclaren,0.0,9,9,0
red_bull,0.0,10,10,0
ferrari,78.0,1,1,1
mercedes,38.0,2,2,0
red_bull,37.0,3,3,1
alpine,16.0,4,4,0
haas,12.0,5,5,0
alfa,9.0,6,6,0
alphatauri,8.0,7,7,0
mclaren,6.0,8,8,0
aston_martin,0.0,9,9,0
williams,0.0,10,10,0
ferrari,104.0,1,1,2
mercedes,65.0,2,2,0
red_bull,55.0,3,3,1
mclaren,24.0,4,4,0
alpine,22.0,5,5,0
alfa,13.0,6,6,0
haas,12.0,7,7,0
alphatauri,10.0,8,8,0
williams,1.0,9,9,0
aston_martin,0.0,10,10,0
ferrari,124.0,1,1,2
red_bull,113.0,2,2,2
mercedes,77.0,3,3,0
mclaren,46.0,4,4,0
alfa,25.0,5,5,0
alpine,22.0,6,6,0
alphatauri,16.0,7,7,0
haas,15.0,8,8,0
aston_martin,5.0,9,9,0
williams,1.0,10,10,0
ferrari,157.0,1,1,2
red_bull,151.0,2,2,3
mercedes,95.0,3,3,0
mclaren,46.0,4,4,0
alfa,31.0,5,5,0
alpine,26.0,6,6,0
alphatauri,16.0,7,7,0
haas,15.0,8,8,0
aston_martin,6.0,9,9,0
williams,3.0,10,10,0
red_bull,195.0,1,1,4
ferrari,169.0,2,2,2
mercedes,120.0,3,3,0
mclaren,50.0,4,4,0
alfa,39.0,5,5,0
alpine,34.0,6,6,0
alphatauri,17.0,7,7,0
haas,15.0,8,8,0
aston_martin,6.0,9,9,0
williams,3.0,10,10,0
red_bull,235.0,1,1,5
ferrari,199.0,2,2,2
mercedes,134.0,3,3,0
mclaren,59.0,4,4,0
alfa,41.0,5,5,0
alpine,40.0,6,6,0
alphatauri,17.0,7,7,0
haas,15.0,8,8,0
aston_martin,7.0,9,9,0
williams,3.0,10,10,0
red_bull,279.0,1,1,6
ferrari,199.0,2,2,2
mercedes,161.0,3,3,0
mclaren,65.0,4,4,0
alpine,47.0,5,5,0
alfa,41.0,6,6,0
alphatauri,27.0,7,7,0
haas,15.0,8,8,0
aston_martin,15.0,9,9,0
williams,3.0,10,10,0
red_bull,304.0,1,1,7
ferrari,228.0,2,2,2
mercedes,188.0,3,3,0
mclaren,65.0,4,4,0
alpine,57.0,5,5,0
alfa,51.0,6,6,0
alphatauri,27.0,7,7,0
aston_martin,16.0,8,8,0
haas,15.0,9,9,0
williams,3.0,10,10,0
red_bull,328.0,1,1,7
ferrari,265.0,2,2,3
mercedes,204.0,3,3,0
mclaren,73.0,4,4,0
alpine,67.0,5,5,0
alfa,51.0,6,6,0
alphatauri,27.0,7,7,0
haas,20.0,8,8,0
aston_martin,18.0,9,9,0
williams,3.0,10,10,0
red_bull,359.0,1,1,7
ferrari,303.0,2,2,4
mercedes,237.0,3,3,0
mclaren,81.0,4,4,0
alpine,81.0,5,5,0
alfa,51.0,6,6,0
haas,34.0,7,7,0
alphatauri,27.0,8,8,0
aston_martin,18.0,9,9,0
williams,3.0,10,10,0
red_bull,396.0,1,1,8
ferrari,314.0,2,2,4
mercedes,270.0,3,3,0
alpine,93.0,4,4,0
mclaren,89.0,5,5,0
alfa,51.0,6,6,0
haas,34.0,7,7,0
alphatauri,27.0,8,8,0
aston_martin,19.0,9,9,0
williams,3.0,10,10,0
red_bull,431.0,1,1,9
ferrari,334.0,2,2,4
mercedes,304.0,3,3,0
alpine,99.0,4,4,0
mclaren,95.0,5,5,0
alfa,51.0,6,6,0
haas,34.0,7,7,0
alphatauri,27.0,8,8,0
aston_martin,20.0,9,9,0
williams,3.0,10,10,0
red_bull,475.0,1,1,10
ferrari,357.0,2,2,4
mercedes,316.0,3,3,0
alpine,115.0,4,4,0
mclaren,95.0,5,5,0
alfa,51.0,6,6,0
haas,34.0,7,7,0
alphatauri,29.0,8,8,0
aston_martin,24.0,9,9,0
williams,4.0,10,10,0
red_bull,511.0,1,1,11
ferrari,376.0,2,2,4
mercedes,346.0,3,3,0
alpine,125.0,4,4,0
mclaren,101.0,5,5,0
alfa,51.0,6,6,0
haas,34.0,7,7,0
alphatauri,29.0,8,8,0
aston_martin,25.0,9,9,0
williams,4.0,10,10,0
red_bull,545.0,1,1,12
ferrari,406.0,2,2,4
mercedes,371.0,3,3,0
alpine,125.0,4,4,0
mclaren,107.0,5,5,0
alfa,52.0,6,6,0
haas,34.0,7,7,0
alphatauri,33.0,8,8,0
aston_martin,25.0,9,9,0
williams,6.0,10,10,0
red_bull,576.0,1,1,13
ferrari,439.0,2,2,4
mercedes,373.0,3,3,0
mclaren,129.0,4,4,0
alpine,125.0,5,5,0
alfa,52.0,6,6,0
aston_martin,37.0,7,7,0
haas,34.0,8,8,0
alphatauri,34.0,9,9,0
williams,6.0,10,10,0
red_bull,619.0,1,1,14
ferrari,454.0,2,2,4
mercedes,387.0,3,3,0
alpine,143.0,4,4,0
mclaren,130.0,5,5,0
alfa,52.0,6,6,0
aston_martin,45.0,7,7,0
haas,34.0,8,8,0
alphatauri,34.0,9,9,0
williams,8.0,10,10,0
red_bull,656.0,1,1,15
ferrari,469.0,2,2,4
mercedes,416.0,3,3,0
alpine,149.0,4,4,0
mclaren,138.0,5,5,0
alfa,52.0,6,6,0
aston_martin,49.0,7,7,0
haas,36.0,8,8,0
alphatauri,35.0,9,9,0
williams,8.0,10,10,0
red_bull,696.0,1,1,16
ferrari,487.0,2,2,4
mercedes,447.0,3,3,0
alpine,153.0,4,4,0
mclaren,146.0,5,5,0
alfa,53.0,6,6,0
aston_martin,49.0,7,7,0
haas,36.0,8,8,0
alphatauri,35.0,9,9,0
williams,8.0,10,10,0
red_bull,719.0,1,1,16
ferrari,524.0,2,2,4
mercedes,505.0,3,3,1
alpine,167.0,4,4,0
mclaren,148.0,5,5,0
alfa,55.0,6,6,0
aston_martin,50.0,7,7,0
haas,37.0,8,8,0
alphatauri,35.0,9,9,0
williams,8.0,10,10,0
red_bull,759.0,1,1,17
ferrari,554.0,2,2,4
mercedes,515.0,3,3,1
alpine,173.0,4,4,0
mclaren,159.0,5,5,0
alfa,55.0,6,6,0
aston_martin,55.0,7,7,0
haas,37.0,8,8,0
alphatauri,35.0,9,9,0
williams,8.0,10,10,0
red_bull,43.0,1,1,1
aston_martin,23.0,2,2,0
mercedes,16.0,3,3,0
ferrari,12.0,4,4,0
alfa,4.0,5,5,0
alpine,2.0,6,6,0
williams,1.0,7,7,0
alphatauri,0.0,8,8,0
haas,0.0,9,9,0
mclaren,0.0,10,10,0
red_bull,87.0,1,1,2
aston_martin,38.0,2,2,0
mercedes,38.0,3,3,0
ferrari,26.0,4,4,0
alpine,8.0,5,5,0
alfa,4.0,6,6,0
haas,1.0,7,7,0
williams,1.0,8,8,0
alphatauri,0.0,9,9,0
mclaren,0.0,10,10,0
red_bull,123.0,1,1,3
aston_martin,65.0,2,2,0
mercedes,56.0,3,3,0
ferrari,26.0,4,4,0
mclaren,12.0,5,5,0
alpine,8.0,6,6,0
haas,7.0,7,7,0
alfa,6.0,8,8,0
alphatauri,1.0,9,9,0
williams,1.0,10,10,0
